person_id,gender,age,occupation,sleep_duration,quality_of_sleep,physical_activity_level,stress_level,bmi_category,systolic,diastolic,heart_rate,daily_steps,sleep_disorder,has_disorder,age_group,sleep_category,activity_group,steps_group,stress_band,bp_category,risk_segment,copy_number,record_type
32,Female,30,Nurse,6.4,5,35,7,Normal,130,86,78,4100,Insomnia,1,30s,Healthy (6 to <8h),Low,Low,High (7-10),Elevated,Mixed profile,1,Distinct record
101,Female,36,Teacher,7.2,8,60,4,Normal,115,75,68,7000,None,0,30s,Healthy (6 to <8h),Medium,Medium,Low (1-4),Normal,Lower-risk profile,1,Distinct record
102,Female,36,Teacher,7.2,8,60,4,Normal,115,75,68,7000,None,0,30s,Healthy (6 to <8h),Medium,Medium,Low (1-4),Normal,Lower-risk profile,2,Repeated copy
103,Female,36,Teacher,7.2,8,60,4,Normal,115,75,68,7000,None,0,30s,Healthy (6 to <8h),Medium,Medium,Low (1-4),Normal,Lower-risk profile,3,Repeated copy
279,Female,50,Nurse,6.1,6,90,8,Overweight,140,95,75,10000,Insomnia,1,50+,Healthy (6 to <8h),High,High,High (7-10),High,Higher-risk profile,1,Distinct record
344,Female,57,Nurse,8.1,9,75,3,Overweight,140,95,68,7000,None,0,50+,Long (8h+),Medium,Medium,Low (1-4),High,Higher-risk profile,1,Distinct record
345,Female,57,Nurse,8.2,9,75,3,Overweight,140,95,68,7000,Sleep Apnea,1,50+,Long (8h+),Medium,Medium,Low (1-4),High,Higher-risk profile,1,Distinct record
346,Female,57,Nurse,8.2,9,75,3,Overweight,140,95,68,7000,Sleep Apnea,1,50+,Long (8h+),Medium,Medium,Low (1-4),High,Higher-risk profile,2,Repeated copy
347,Female,57,Nurse,8.2,9,75,3,Overweight,140,95,68,7000,Sleep Apnea,1,50+,Long (8h+),Medium,Medium,Low (1-4),High,Higher-risk profile,3,Repeated copy
348,Female,57,Nurse,8.2,9,75,3,Overweight,140,95,68,7000,Sleep Apnea,1,50+,Long (8h+),Medium,Medium,Low (1-4),High,Higher-risk profile,4,Repeated copy
349,Female,57,Nurse,8.2,9,75,3,Overweight,140,95,68,7000,Sleep Apnea,1,50+,Long (8h+),Medium,Medium,Low (1-4),High,Higher-risk profile,5,Repeated copy
20,Male,30,Doctor,7.6,7,75,6,Normal,120,80,70,8000,None,0,30s,Healthy (6 to <8h),Medium,Medium,Medium (5-6),Elevated,Lower-risk profile,1,Distinct record
34,Male,31,Doctor,6.1,6,30,8,Normal,125,80,72,5000,None,0,30s,Healthy (6 to <8h),Low,Low,High (7-10),Elevated,Lower-risk profile,1,Distinct record
36,Male,31,Doctor,6.1,6,30,8,Normal,125,80,72,5000,None,0,30s,Healthy (6 to <8h),Low,Low,High (7-10),Elevated,Lower-risk profile,2,Repeated copy
37,Male,31,Doctor,6.1,6,30,8,Normal,125,80,72,5000,None,0,30s,Healthy (6 to <8h),Low,Low,High (7-10),Elevated,Lower-risk profile,3,Repeated copy
50,Male,31,Doctor,7.7,7,75,6,Normal,120,80,70,8000,Sleep Apnea,1,30s,Healthy (6 to <8h),Medium,Medium,Medium (5-6),Elevated,Lower-risk profile,1,Distinct record
63,Male,32,Doctor,6.2,6,30,8,Normal,125,80,72,5000,None,0,30s,Healthy (6 to <8h),Low,Low,High (7-10),Elevated,Lower-risk profile,1,Distinct record
64,Male,32,Doctor,6.2,6,30,8,Normal,125,80,72,5000,None,0,30s,Healthy (6 to <8h),Low,Low,High (7-10),Elevated,Lower-risk profile,2,Repeated copy
65,Male,32,Doctor,6.2,6,30,8,Normal,125,80,72,5000,None,0,30s,Healthy (6 to <8h),Low,Low,High (7-10),Elevated,Lower-risk profile,3,Repeated copy
66,Male,32,Doctor,6.2,6,30,8,Normal,125,80,72,5000,None,0,30s,Healthy (6 to <8h),Low,Low,High (7-10),Elevated,Lower-risk profile,4,Repeated copy
75,Male,33,Doctor,6.0,6,30,8,Normal,125,80,72,5000,None,0,30s,Healthy (6 to <8h),Low,Low,High (7-10),Elevated,Lower-risk profile,1,Distinct record
76,Male,33,Doctor,6.0,6,30,8,Normal,125,80,72,5000,None,0,30s,Healthy (6 to <8h),Low,Low,High (7-10),Elevated,Lower-risk profile,2,Repeated copy
77,Male,33,Doctor,6.0,6,30,8,Normal,125,80,72,5000,None,0,30s,Healthy (6 to <8h),Low,Low,High (7-10),Elevated,Lower-risk profile,3,Repeated copy
78,Male,33,Doctor,6.0,6,30,8,Normal,125,80,72,5000,None,0,30s,Healthy (6 to <8h),Low,Low,High (7-10),Elevated,Lower-risk profile,4,Repeated copy
79,Male,33,Doctor,6.0,6,30,8,Normal,125,80,72,5000,None,0,30s,Healthy (6 to <8h),Low,Low,High (7-10),Elevated,Lower-risk profile,5,Repeated copy
80,Male,33,Doctor,6.0,6,30,8,Normal,125,80,72,5000,None,0,30s,Healthy (6 to <8h),Low,Low,High (7-10),Elevated,Lower-risk profile,6,Repeated copy
150,Female,39,Accountant,8.0,9,80,3,Normal,115,78,67,7500,None,0,30s,Long (8h+),High,Medium,Low (1-4),Normal,Lower-risk profile,1,Distinct record
151,Female,39,Accountant,8.0,9,80,3,Normal,115,78,67,7500,None,0,30s,Long (8h+),High,Medium,Low (1-4),Normal,Lower-risk profile,2,Repeated copy
149,Female,39,Lawyer,6.9,7,50,6,Normal,128,85,75,5500,None,0,30s,Healthy (6 to <8h),Medium,Low,Medium (5-6),Elevated,Lower-risk profile,1,Distinct record
44,Male,31,Doctor,7.8,7,75,6,Normal,120,80,70,8000,None,0,30s,Healthy (6 to <8h),Medium,Medium,Medium (5-6),Elevated,Lower-risk profile,1,Distinct record
46,Male,31,Doctor,7.8,7,75,6,Normal,120,80,70,8000,None,0,30s,Healthy (6 to <8h),Medium,Medium,Medium (5-6),Elevated,Lower-risk profile,2,Repeated copy
48,Male,31,Doctor,7.8,7,75,6,Normal,120,80,70,8000,None,0,30s,Healthy (6 to <8h),Medium,Medium,Medium (5-6),Elevated,Lower-risk profile,3,Repeated copy
104,Male,36,Teacher,6.6,5,35,7,Overweight,129,84,74,4800,Sleep Apnea,1,30s,Healthy (6 to <8h),Low,Low,High (7-10),Elevated,Higher-risk profile,1,Distinct record
145,Male,38,Lawyer,7.1,8,60,5,Normal,130,85,68,8000,Sleep Apnea,1,30s,Healthy (6 to <8h),Medium,Medium,Medium (5-6),Elevated,Lower-risk profile,1,Distinct record
99,Female,36,Teacher,7.1,8,60,4,Normal,115,75,68,7000,None,0,30s,Healthy (6 to <8h),Medium,Medium,Low (1-4),Normal,Lower-risk profile,1,Distinct record
100,Female,36,Teacher,7.1,8,60,4,Normal,115,75,68,7000,None,0,30s,Healthy (6 to <8h),Medium,Medium,Low (1-4),Normal,Lower-risk profile,2,Repeated copy
105,Female,36,Teacher,7.2,8,60,4,Normal,115,75,68,7000,Sleep Apnea,1,30s,Healthy (6 to <8h),Medium,Medium,Low (1-4),Normal,Lower-risk profile,1,Distinct record
264,Female,45,Manager,6.9,7,55,5,Overweight,125,82,75,5500,None,0,40s,Healthy (6 to <8h),Medium,Low,Medium (5-6),Elevated,Mixed profile,1,Distinct record
319,Female,53,Engineer,8.4,9,30,3,Normal,125,80,65,5000,None,0,50+,Long (8h+),Low,Low,Low (1-4),Elevated,Lower-risk profile,1,Distinct record
320,Female,53,Engineer,8.4,9,30,3,Normal,125,80,65,5000,None,0,50+,Long (8h+),Low,Low,Low (1-4),Elevated,Lower-risk profile,2,Repeated copy
322,Female,53,Engineer,8.4,9,30,3,Normal,125,80,65,5000,None,0,50+,Long (8h+),Low,Low,Low (1-4),Elevated,Lower-risk profile,3,Repeated copy
323,Female,53,Engineer,8.4,9,30,3,Normal,125,80,65,5000,None,0,50+,Long (8h+),Low,Low,Low (1-4),Elevated,Lower-risk profile,4,Repeated copy
332,Female,53,Engineer,8.4,9,30,3,Normal,125,80,65,5000,None,0,50+,Long (8h+),Low,Low,Low (1-4),Elevated,Lower-risk profile,5,Repeated copy
350,Female,57,Nurse,8.1,9,75,3,Overweight,140,95,68,7000,Sleep Apnea,1,50+,Long (8h+),Medium,Medium,Low (1-4),High,Higher-risk profile,1,Distinct record
351,Female,57,Nurse,8.1,9,75,3,Overweight,140,95,68,7000,Sleep Apnea,1,50+,Long (8h+),Medium,Medium,Low (1-4),High,Higher-risk profile,2,Repeated copy
352,Female,57,Nurse,8.1,9,75,3,Overweight,140,95,68,7000,Sleep Apnea,1,50+,Long (8h+),Medium,Medium,Low (1-4),High,Higher-risk profile,3,Repeated copy
6,Male,28,Software Engineer,5.9,4,30,8,Obese,140,90,85,3000,Insomnia,1,20s,Short (<6h),Low,Low,High (7-10),High,Higher-risk profile,1,Distinct record
8,Male,29,Doctor,7.8,7,75,6,Normal,120,80,70,8000,None,0,20s,Healthy (6 to <8h),Medium,Medium,Medium (5-6),Elevated,Lower-risk profile,1,Distinct record
9,Male,29,Doctor,7.8,7,75,6,Normal,120,80,70,8000,None,0,20s,Healthy (6 to <8h),Medium,Medium,Medium (5-6),Elevated,Lower-risk profile,2,Repeated copy
10,Male,29,Doctor,7.8,7,75,6,Normal,120,80,70,8000,None,0,20s,Healthy (6 to <8h),Medium,Medium,Medium (5-6),Elevated,Lower-risk profile,3,Repeated copy
12,Male,29,Doctor,7.8,7,75,6,Normal,120,80,70,8000,None,0,20s,Healthy (6 to <8h),Medium,Medium,Medium (5-6),Elevated,Lower-risk profile,4,Repeated copy
35,Male,31,Doctor,7.7,7,75,6,Normal,120,80,70,8000,None,0,30s,Healthy (6 to <8h),Medium,Medium,Medium (5-6),Elevated,Lower-risk profile,1,Distinct record
41,Male,31,Doctor,7.7,7,75,6,Normal,120,80,70,8000,None,0,30s,Healthy (6 to <8h),Medium,Medium,Medium (5-6),Elevated,Lower-risk profile,2,Repeated copy
42,Male,31,Doctor,7.7,7,75,6,Normal,120,80,70,8000,None,0,30s,Healthy (6 to <8h),Medium,Medium,Medium (5-6),Elevated,Lower-risk profile,3,Repeated copy
43,Male,31,Doctor,7.7,7,75,6,Normal,120,80,70,8000,None,0,30s,Healthy (6 to <8h),Medium,Medium,Medium (5-6),Elevated,Lower-risk profile,4,Repeated copy
45,Male,31,Doctor,7.7,7,75,6,Normal,120,80,70,8000,None,0,30s,Healthy (6 to <8h),Medium,Medium,Medium (5-6),Elevated,Lower-risk profile,5,Repeated copy
47,Male,31,Doctor,7.7,7,75,6,Normal,120,80,70,8000,None,0,30s,Healthy (6 to <8h),Medium,Medium,Medium (5-6),Elevated,Lower-risk profile,6,Repeated copy
49,Male,31,Doctor,7.7,7,75,6,Normal,120,80,70,8000,None,0,30s,Healthy (6 to <8h),Medium,Medium,Medium (5-6),Elevated,Lower-risk profile,7,Repeated copy
146,Female,38,Lawyer,7.4,7,60,5,Obese,135,88,84,3300,Sleep Apnea,1,30s,Healthy (6 to <8h),Medium,Low,Medium (5-6),Elevated,Higher-risk profile,1,Distinct record
253,Female,45,Teacher,6.5,7,45,4,Overweight,135,90,65,6000,Insomnia,1,40s,Healthy (6 to <8h),Low,Low,Low (1-4),High,Higher-risk profile,1,Distinct record
254,Female,45,Teacher,6.5,7,45,4,Overweight,135,90,65,6000,Insomnia,1,40s,Healthy (6 to <8h),Low,Low,Low (1-4),High,Higher-risk profile,2,Repeated copy
255,Female,45,Teacher,6.5,7,45,4,Overweight,135,90,65,6000,Insomnia,1,40s,Healthy (6 to <8h),Low,Low,Low (1-4),High,Higher-risk profile,3,Repeated copy
256,Female,45,Teacher,6.5,7,45,4,Overweight,135,90,65,6000,Insomnia,1,40s,Healthy (6 to <8h),Low,Low,Low (1-4),High,Higher-risk profile,4,Repeated copy
303,Female,51,Nurse,7.1,7,55,6,Normal,125,82,72,6000,None,0,50+,Healthy (6 to <8h),Medium,Low,Medium (5-6),Elevated,Lower-risk profile,1,Distinct record
325,Female,53,Engineer,8.3,9,30,3,Normal,125,80,65,5000,None,0,50+,Long (8h+),Low,Low,Low (1-4),Elevated,Lower-risk profile,1,Distinct record
327,Female,53,Engineer,8.3,9,30,3,Normal,125,80,65,5000,None,0,50+,Long (8h+),Low,Low,Low (1-4),Elevated,Lower-risk profile,2,Repeated copy
329,Female,53,Engineer,8.3,9,30,3,Normal,125,80,65,5000,None,0,50+,Long (8h+),Low,Low,Low (1-4),Elevated,Lower-risk profile,3,Repeated copy
53,Male,32,Doctor,6.0,6,30,8,Normal,125,80,72,5000,None,0,30s,Healthy (6 to <8h),Low,Low,High (7-10),Elevated,Lower-risk profile,1,Distinct record
55,Male,32,Doctor,6.0,6,30,8,Normal,125,80,72,5000,None,0,30s,Healthy (6 to <8h),Low,Low,High (7-10),Elevated,Lower-risk profile,2,Repeated copy
56,Male,32,Doctor,6.0,6,30,8,Normal,125,80,72,5000,None,0,30s,Healthy (6 to <8h),Low,Low,High (7-10),Elevated,Lower-risk profile,3,Repeated copy
58,Male,32,Doctor,6.0,6,30,8,Normal,125,80,72,5000,None,0,30s,Healthy (6 to <8h),Low,Low,High (7-10),Elevated,Lower-risk profile,4,Repeated copy
59,Male,32,Doctor,6.0,6,30,8,Normal,125,80,72,5000,None,0,30s,Healthy (6 to <8h),Low,Low,High (7-10),Elevated,Lower-risk profile,5,Repeated copy
61,Male,32,Doctor,6.0,6,30,8,Normal,125,80,72,5000,None,0,30s,Healthy (6 to <8h),Low,Low,High (7-10),Elevated,Lower-risk profile,6,Repeated copy
62,Male,32,Doctor,6.0,6,30,8,Normal,125,80,72,5000,None,0,30s,Healthy (6 to <8h),Low,Low,High (7-10),Elevated,Lower-risk profile,7,Repeated copy
54,Male,32,Doctor,7.6,7,75,6,Normal,120,80,70,8000,None,0,30s,Healthy (6 to <8h),Medium,Medium,Medium (5-6),Elevated,Lower-risk profile,1,Distinct record
138,Male,38,Lawyer,7.1,8,60,5,Normal,130,85,68,8000,None,0,30s,Healthy (6 to <8h),Medium,Medium,Medium (5-6),Elevated,Lower-risk profile,1,Distinct record
140,Male,38,Lawyer,7.1,8,60,5,Normal,130,85,68,8000,None,0,30s,Healthy (6 to <8h),Medium,Medium,Medium (5-6),Elevated,Lower-risk profile,2,Repeated copy
142,Male,38,Lawyer,7.1,8,60,5,Normal,130,85,68,8000,None,0,30s,Healthy (6 to <8h),Medium,Medium,Medium (5-6),Elevated,Lower-risk profile,3,Repeated copy
248,Male,44,Engineer,6.8,7,45,7,Overweight,130,85,78,5000,Insomnia,1,40s,Healthy (6 to <8h),Low,Low,High (7-10),Elevated,Higher-risk profile,1,Distinct record
249,Male,44,Salesperson,6.4,6,45,7,Overweight,130,85,72,6000,None,0,40s,Healthy (6 to <8h),Low,Low,High (7-10),Elevated,Higher-risk profile,1,Distinct record
251,Female,45,Teacher,6.8,7,30,6,Overweight,135,90,65,6000,Insomnia,1,40s,Healthy (6 to <8h),Low,Low,Medium (5-6),High,Higher-risk profile,1,Distinct record
252,Female,45,Teacher,6.8,7,30,6,Overweight,135,90,65,6000,Insomnia,1,40s,Healthy (6 to <8h),Low,Low,Medium (5-6),High,Higher-risk profile,2,Repeated copy
270,Female,49,Nurse,6.1,6,90,8,Overweight,140,95,75,10000,Sleep Apnea,1,40s,Healthy (6 to <8h),High,High,High (7-10),High,Higher-risk profile,1,Distinct record
271,Female,49,Nurse,6.1,6,90,8,Overweight,140,95,75,10000,Sleep Apnea,1,40s,Healthy (6 to <8h),High,High,High (7-10),High,Higher-risk profile,2,Repeated copy
272,Female,49,Nurse,6.1,6,90,8,Overweight,140,95,75,10000,Sleep Apnea,1,40s,Healthy (6 to <8h),High,High,High (7-10),High,Higher-risk profile,3,Repeated copy
273,Female,49,Nurse,6.1,6,90,8,Overweight,140,95,75,10000,Sleep Apnea,1,40s,Healthy (6 to <8h),High,High,High (7-10),High,Higher-risk profile,4,Repeated copy
316,Female,53,Engineer,8.3,9,30,3,Normal,125,80,65,5000,Insomnia,1,50+,Long (8h+),Low,Low,Low (1-4),Elevated,Lower-risk profile,1,Distinct record
365,Female,59,Nurse,8.0,9,75,3,Overweight,140,95,68,7000,Sleep Apnea,1,50+,Long (8h+),Medium,Medium,Low (1-4),High,Higher-risk profile,1,Distinct record
366,Female,59,Nurse,8.0,9,75,3,Overweight,140,95,68,7000,Sleep Apnea,1,50+,Long (8h+),Medium,Medium,Low (1-4),High,Higher-risk profile,2,Repeated copy
368,Female,59,Nurse,8.0,9,75,3,Overweight,140,95,68,7000,Sleep Apnea,1,50+,Long (8h+),Medium,Medium,Low (1-4),High,Higher-risk profile,3,Repeated copy
371,Female,59,Nurse,8.0,9,75,3,Overweight,140,95,68,7000,Sleep Apnea,1,50+,Long (8h+),Medium,Medium,Low (1-4),High,Higher-risk profile,4,Repeated copy
367,Female,59,Nurse,8.1,9,75,3,Overweight,140,95,68,7000,Sleep Apnea,1,50+,Long (8h+),Medium,Medium,Low (1-4),High,Higher-risk profile,1,Distinct record
369,Female,59,Nurse,8.1,9,75,3,Overweight,140,95,68,7000,Sleep Apnea,1,50+,Long (8h+),Medium,Medium,Low (1-4),High,Higher-risk profile,2,Repeated copy
370,Female,59,Nurse,8.1,9,75,3,Overweight,140,95,68,7000,Sleep Apnea,1,50+,Long (8h+),Medium,Medium,Low (1-4),High,Higher-risk profile,3,Repeated copy
372,Female,59,Nurse,8.1,9,75,3,Overweight,140,95,68,7000,Sleep Apnea,1,50+,Long (8h+),Medium,Medium,Low (1-4),High,Higher-risk profile,4,Repeated copy
373,Female,59,Nurse,8.1,9,75,3,Overweight,140,95,68,7000,Sleep Apnea,1,50+,Long (8h+),Medium,Medium,Low (1-4),High,Higher-risk profile,5,Repeated copy
374,Female,59,Nurse,8.1,9,75,3,Overweight,140,95,68,7000,Sleep Apnea,1,50+,Long (8h+),Medium,Medium,Low (1-4),High,Higher-risk profile,6,Repeated copy
106,Male,36,Teacher,6.6,5,35,7,Overweight,129,84,74,4800,Insomnia,1,30s,Healthy (6 to <8h),Low,Low,High (7-10),Elevated,Higher-risk profile,1,Distinct record
108,Male,37,Engineer,7.8,8,70,4,Normal,120,80,68,7000,None,0,30s,Healthy (6 to <8h),Medium,Medium,Low (1-4),Elevated,Lower-risk profile,1,Distinct record
109,Male,37,Engineer,7.8,8,70,4,Normal,120,80,68,7000,None,0,30s,Healthy (6 to <8h),Medium,Medium,Low (1-4),Elevated,Lower-risk profile,2,Repeated copy
168,Male,41,Lawyer,7.1,7,55,6,Overweight,125,82,72,6000,None,0,40s,Healthy (6 to <8h),Medium,Low,Medium (5-6),Elevated,Mixed profile,1,Distinct record
169,Male,41,Lawyer,7.1,7,55,6,Overweight,125,82,72,6000,None,0,40s,Healthy (6 to <8h),Medium,Low,Medium (5-6),Elevated,Mixed profile,2,Repeated copy
188,Male,43,Salesperson,6.3,6,45,7,Overweight,130,85,72,6000,Insomnia,1,40s,Healthy (6 to <8h),Low,Low,High (7-10),Elevated,Higher-risk profile,1,Distinct record
223,Male,44,Salesperson,6.3,6,45,7,Overweight,130,85,72,6000,Insomnia,1,40s,Healthy (6 to <8h),Low,Low,High (7-10),Elevated,Higher-risk profile,1,Distinct record
226,Male,44,Salesperson,6.3,6,45,7,Overweight,130,85,72,6000,Insomnia,1,40s,Healthy (6 to <8h),Low,Low,High (7-10),Elevated,Higher-risk profile,2,Repeated copy
228,Male,44,Salesperson,6.3,6,45,7,Overweight,130,85,72,6000,Insomnia,1,40s,Healthy (6 to <8h),Low,Low,High (7-10),Elevated,Higher-risk profile,3,Repeated copy
230,Male,44,Salesperson,6.3,6,45,7,Overweight,130,85,72,6000,Insomnia,1,40s,Healthy (6 to <8h),Low,Low,High (7-10),Elevated,Higher-risk profile,4,Repeated copy
232,Male,44,Salesperson,6.3,6,45,7,Overweight,130,85,72,6000,Insomnia,1,40s,Healthy (6 to <8h),Low,Low,High (7-10),Elevated,Higher-risk profile,5,Repeated copy
234,Male,44,Salesperson,6.3,6,45,7,Overweight,130,85,72,6000,Insomnia,1,40s,Healthy (6 to <8h),Low,Low,High (7-10),Elevated,Higher-risk profile,6,Repeated copy
236,Male,44,Salesperson,6.3,6,45,7,Overweight,130,85,72,6000,Insomnia,1,40s,Healthy (6 to <8h),Low,Low,High (7-10),Elevated,Higher-risk profile,7,Repeated copy
239,Male,44,Salesperson,6.3,6,45,7,Overweight,130,85,72,6000,Insomnia,1,40s,Healthy (6 to <8h),Low,Low,High (7-10),Elevated,Higher-risk profile,8,Repeated copy
242,Male,44,Salesperson,6.3,6,45,7,Overweight,130,85,72,6000,Insomnia,1,40s,Healthy (6 to <8h),Low,Low,High (7-10),Elevated,Higher-risk profile,9,Repeated copy
245,Male,44,Salesperson,6.3,6,45,7,Overweight,130,85,72,6000,Insomnia,1,40s,Healthy (6 to <8h),Low,Low,High (7-10),Elevated,Higher-risk profile,10,Repeated copy
247,Male,44,Salesperson,6.3,6,45,7,Overweight,130,85,72,6000,Insomnia,1,40s,Healthy (6 to <8h),Low,Low,High (7-10),Elevated,Higher-risk profile,11,Repeated copy
222,Male,44,Salesperson,6.4,6,45,7,Overweight,130,85,72,6000,Insomnia,1,40s,Healthy (6 to <8h),Low,Low,High (7-10),Elevated,Higher-risk profile,1,Distinct record
224,Male,44,Salesperson,6.4,6,45,7,Overweight,130,85,72,6000,Insomnia,1,40s,Healthy (6 to <8h),Low,Low,High (7-10),Elevated,Higher-risk profile,2,Repeated copy
237,Male,44,Salesperson,6.4,6,45,7,Overweight,130,85,72,6000,Insomnia,1,40s,Healthy (6 to <8h),Low,Low,High (7-10),Elevated,Higher-risk profile,3,Repeated copy
240,Male,44,Salesperson,6.4,6,45,7,Overweight,130,85,72,6000,Insomnia,1,40s,Healthy (6 to <8h),Low,Low,High (7-10),Elevated,Higher-risk profile,4,Repeated copy
243,Male,44,Salesperson,6.4,6,45,7,Overweight,130,85,72,6000,Insomnia,1,40s,Healthy (6 to <8h),Low,Low,High (7-10),Elevated,Higher-risk profile,5,Repeated copy
31,Female,30,Nurse,6.4,5,35,7,Normal,130,86,78,4100,Sleep Apnea,1,30s,Healthy (6 to <8h),Low,Low,High (7-10),Elevated,Mixed profile,1,Distinct record
128,Female,38,Accountant,7.1,8,60,4,Normal,115,75,68,7000,None,0,30s,Healthy (6 to <8h),Medium,Medium,Low (1-4),Normal,Lower-risk profile,1,Distinct record
131,Female,38,Accountant,7.1,8,60,4,Normal,115,75,68,7000,None,0,30s,Healthy (6 to <8h),Medium,Medium,Low (1-4),Normal,Lower-risk profile,2,Repeated copy
134,Female,38,Accountant,7.1,8,60,4,Normal,115,75,68,7000,None,0,30s,Healthy (6 to <8h),Medium,Medium,Low (1-4),Normal,Lower-risk profile,3,Repeated copy
137,Female,38,Accountant,7.1,8,60,4,Normal,115,75,68,7000,None,0,30s,Healthy (6 to <8h),Medium,Medium,Low (1-4),Normal,Lower-risk profile,4,Repeated copy
139,Female,38,Accountant,7.1,8,60,4,Normal,115,75,68,7000,None,0,30s,Healthy (6 to <8h),Medium,Medium,Low (1-4),Normal,Lower-risk profile,5,Repeated copy
141,Female,38,Accountant,7.1,8,60,4,Normal,115,75,68,7000,None,0,30s,Healthy (6 to <8h),Medium,Medium,Low (1-4),Normal,Lower-risk profile,6,Repeated copy
143,Female,38,Accountant,7.1,8,60,4,Normal,115,75,68,7000,None,0,30s,Healthy (6 to <8h),Medium,Medium,Low (1-4),Normal,Lower-risk profile,7,Repeated copy
144,Female,38,Accountant,7.1,8,60,4,Normal,115,75,68,7000,None,0,30s,Healthy (6 to <8h),Medium,Medium,Low (1-4),Normal,Lower-risk profile,8,Repeated copy
221,Female,44,Teacher,6.6,7,45,4,Overweight,135,90,65,6000,Insomnia,1,40s,Healthy (6 to <8h),Low,Low,Low (1-4),High,Higher-risk profile,1,Distinct record
225,Female,44,Teacher,6.6,7,45,4,Overweight,135,90,65,6000,Insomnia,1,40s,Healthy (6 to <8h),Low,Low,Low (1-4),High,Higher-risk profile,2,Repeated copy
227,Female,44,Teacher,6.6,7,45,4,Overweight,135,90,65,6000,Insomnia,1,40s,Healthy (6 to <8h),Low,Low,Low (1-4),High,Higher-risk profile,3,Repeated copy
229,Female,44,Teacher,6.6,7,45,4,Overweight,135,90,65,6000,Insomnia,1,40s,Healthy (6 to <8h),Low,Low,Low (1-4),High,Higher-risk profile,4,Repeated copy
231,Female,44,Teacher,6.6,7,45,4,Overweight,135,90,65,6000,Insomnia,1,40s,Healthy (6 to <8h),Low,Low,Low (1-4),High,Higher-risk profile,5,Repeated copy
233,Female,44,Teacher,6.6,7,45,4,Overweight,135,90,65,6000,Insomnia,1,40s,Healthy (6 to <8h),Low,Low,Low (1-4),High,Higher-risk profile,6,Repeated copy
235,Female,44,Teacher,6.6,7,45,4,Overweight,135,90,65,6000,Insomnia,1,40s,Healthy (6 to <8h),Low,Low,Low (1-4),High,Higher-risk profile,7,Repeated copy
266,Female,48,Nurse,5.9,6,90,8,Overweight,140,95,75,10000,Sleep Apnea,1,40s,Short (<6h),High,High,High (7-10),High,Higher-risk profile,1,Distinct record
282,Female,50,Nurse,6.1,6,90,8,Overweight,140,95,75,10000,Sleep Apnea,1,50+,Healthy (6 to <8h),High,High,High (7-10),High,Higher-risk profile,1,Distinct record
290,Female,50,Nurse,6.1,6,90,8,Overweight,140,95,75,10000,Sleep Apnea,1,50+,Healthy (6 to <8h),High,High,High (7-10),High,Higher-risk profile,2,Repeated copy
292,Female,50,Nurse,6.1,6,90,8,Overweight,140,95,75,10000,Sleep Apnea,1,50+,Healthy (6 to <8h),High,High,High (7-10),High,Higher-risk profile,3,Repeated copy
293,Female,50,Nurse,6.1,6,90,8,Overweight,140,95,75,10000,Sleep Apnea,1,50+,Healthy (6 to <8h),High,High,High (7-10),High,Higher-risk profile,4,Repeated copy
295,Female,50,Nurse,6.1,6,90,8,Overweight,140,95,75,10000,Sleep Apnea,1,50+,Healthy (6 to <8h),High,High,High (7-10),High,Higher-risk profile,5,Repeated copy
297,Female,50,Nurse,6.1,6,90,8,Overweight,140,95,75,10000,Sleep Apnea,1,50+,Healthy (6 to <8h),High,High,High (7-10),High,Higher-risk profile,6,Repeated copy
298,Female,50,Nurse,6.1,6,90,8,Overweight,140,95,75,10000,Sleep Apnea,1,50+,Healthy (6 to <8h),High,High,High (7-10),High,Higher-risk profile,7,Repeated copy
313,Female,52,Engineer,8.4,9,30,3,Normal,125,80,65,5000,None,0,50+,Long (8h+),Low,Low,Low (1-4),Elevated,Lower-risk profile,1,Distinct record
314,Female,52,Engineer,8.4,9,30,3,Normal,125,80,65,5000,None,0,50+,Long (8h+),Low,Low,Low (1-4),Elevated,Lower-risk profile,2,Repeated copy
315,Female,52,Engineer,8.4,9,30,3,Normal,125,80,65,5000,None,0,50+,Long (8h+),Low,Low,Low (1-4),Elevated,Lower-risk profile,3,Repeated copy
11,Male,29,Doctor,6.1,6,30,8,Normal,120,80,70,8000,None,0,20s,Healthy (6 to <8h),Low,Medium,High (7-10),Elevated,Lower-risk profile,1,Distinct record
13,Male,29,Doctor,6.1,6,30,8,Normal,120,80,70,8000,None,0,20s,Healthy (6 to <8h),Low,Medium,High (7-10),Elevated,Lower-risk profile,2,Repeated copy
164,Male,40,Lawyer,7.9,8,90,5,Normal,130,85,68,8000,None,0,40s,Healthy (6 to <8h),High,Medium,Medium (5-6),Elevated,Lower-risk profile,1,Distinct record
165,Male,40,Lawyer,7.9,8,90,5,Normal,130,85,68,8000,None,0,40s,Healthy (6 to <8h),High,Medium,Medium (5-6),Elevated,Lower-risk profile,2,Repeated copy
167,Male,41,Engineer,7.3,8,70,6,Normal,121,79,72,6200,None,0,40s,Healthy (6 to <8h),Medium,Medium,Medium (5-6),Normal,Lower-risk profile,1,Distinct record
178,Male,42,Salesperson,6.5,6,45,7,Overweight,130,85,72,6000,Insomnia,1,40s,Healthy (6 to <8h),Low,Low,High (7-10),Elevated,Higher-risk profile,1,Distinct record
205,Male,43,Engineer,7.6,8,75,4,Overweight,122,80,68,6800,None,0,40s,Healthy (6 to <8h),Medium,Medium,Low (1-4),Elevated,Mixed profile,1,Distinct record
206,Male,43,Engineer,7.7,8,90,5,Normal,130,85,70,8000,None,0,40s,Healthy (6 to <8h),High,Medium,Medium (5-6),Elevated,Lower-risk profile,1,Distinct record
207,Male,43,Engineer,7.7,8,90,5,Normal,130,85,70,8000,None,0,40s,Healthy (6 to <8h),High,Medium,Medium (5-6),Elevated,Lower-risk profile,2,Repeated copy
208,Male,43,Engineer,7.7,8,90,5,Normal,130,85,70,8000,None,0,40s,Healthy (6 to <8h),High,Medium,Medium (5-6),Elevated,Lower-risk profile,3,Repeated copy
209,Male,43,Engineer,7.7,8,90,5,Normal,130,85,70,8000,None,0,40s,Healthy (6 to <8h),High,Medium,Medium (5-6),Elevated,Lower-risk profile,4,Repeated copy
211,Male,43,Engineer,7.7,8,90,5,Normal,130,85,70,8000,None,0,40s,Healthy (6 to <8h),High,Medium,Medium (5-6),Elevated,Lower-risk profile,5,Repeated copy
304,Female,51,Nurse,6.0,6,90,8,Overweight,140,95,75,10000,Sleep Apnea,1,50+,Healthy (6 to <8h),High,High,High (7-10),High,Higher-risk profile,1,Distinct record
67,Male,32,Accountant,7.2,8,50,6,Normal,118,76,68,7000,None,0,30s,Healthy (6 to <8h),Medium,Medium,Medium (5-6),Normal,Lower-risk profile,1,Distinct record
68,Male,33,Doctor,6.0,6,30,8,Normal,125,80,72,5000,Insomnia,1,30s,Healthy (6 to <8h),Low,Low,High (7-10),Elevated,Lower-risk profile,1,Distinct record
89,Male,35,Engineer,7.3,8,60,4,Normal,125,80,65,5000,None,0,30s,Healthy (6 to <8h),Medium,Low,Low (1-4),Elevated,Lower-risk profile,1,Distinct record
90,Male,35,Engineer,7.3,8,60,4,Normal,125,80,65,5000,None,0,30s,Healthy (6 to <8h),Medium,Low,Low (1-4),Elevated,Lower-risk profile,2,Repeated copy
91,Male,35,Engineer,7.3,8,60,4,Normal,125,80,65,5000,None,0,30s,Healthy (6 to <8h),Medium,Low,Low (1-4),Elevated,Lower-risk profile,3,Repeated copy
92,Male,35,Engineer,7.3,8,60,4,Normal,125,80,65,5000,None,0,30s,Healthy (6 to <8h),Medium,Low,Low (1-4),Elevated,Lower-risk profile,4,Repeated copy
148,Male,39,Engineer,6.5,5,40,7,Overweight,132,87,80,4000,Insomnia,1,30s,Healthy (6 to <8h),Low,Low,High (7-10),Elevated,Higher-risk profile,1,Distinct record
170,Male,41,Lawyer,7.7,8,90,5,Normal,130,85,70,8000,None,0,40s,Healthy (6 to <8h),High,Medium,Medium (5-6),Elevated,Lower-risk profile,1,Distinct record
171,Male,41,Lawyer,7.7,8,90,5,Normal,130,85,70,8000,None,0,40s,Healthy (6 to <8h),High,Medium,Medium (5-6),Elevated,Lower-risk profile,2,Repeated copy
172,Male,41,Lawyer,7.7,8,90,5,Normal,130,85,70,8000,None,0,40s,Healthy (6 to <8h),High,Medium,Medium (5-6),Elevated,Lower-risk profile,3,Repeated copy
173,Male,41,Lawyer,7.7,8,90,5,Normal,130,85,70,8000,None,0,40s,Healthy (6 to <8h),High,Medium,Medium (5-6),Elevated,Lower-risk profile,4,Repeated copy
174,Male,41,Lawyer,7.7,8,90,5,Normal,130,85,70,8000,None,0,40s,Healthy (6 to <8h),High,Medium,Medium (5-6),Elevated,Lower-risk profile,5,Repeated copy
204,Male,43,Engineer,6.9,6,47,7,Normal,117,76,69,6800,None,0,40s,Healthy (6 to <8h),Medium,Medium,High (7-10),Normal,Lower-risk profile,1,Distinct record
86,Female,35,Accountant,7.2,8,60,4,Normal,115,75,68,7000,None,0,30s,Healthy (6 to <8h),Medium,Medium,Low (1-4),Normal,Lower-risk profile,1,Distinct record
187,Female,43,Teacher,6.7,7,45,4,Overweight,135,90,65,6000,Insomnia,1,40s,Healthy (6 to <8h),Low,Low,Low (1-4),High,Higher-risk profile,1,Distinct record
189,Female,43,Teacher,6.7,7,45,4,Overweight,135,90,65,6000,Insomnia,1,40s,Healthy (6 to <8h),Low,Low,Low (1-4),High,Higher-risk profile,2,Repeated copy
191,Female,43,Teacher,6.7,7,45,4,Overweight,135,90,65,6000,Insomnia,1,40s,Healthy (6 to <8h),Low,Low,Low (1-4),High,Higher-risk profile,3,Repeated copy
342,Female,56,Doctor,8.2,9,90,3,Normal,118,75,65,10000,None,0,50+,Long (8h+),High,High,Low (1-4),Normal,Lower-risk profile,1,Distinct record
343,Female,56,Doctor,8.2,9,90,3,Normal,118,75,65,10000,None,0,50+,Long (8h+),High,High,Low (1-4),Normal,Lower-risk profile,2,Repeated copy
359,Female,59,Nurse,8.0,9,75,3,Overweight,140,95,68,7000,None,0,50+,Long (8h+),Medium,Medium,Low (1-4),High,Higher-risk profile,1,Distinct record
360,Female,59,Nurse,8.1,9,75,3,Overweight,140,95,68,7000,None,0,50+,Long (8h+),Medium,Medium,Low (1-4),High,Higher-risk profile,1,Distinct record
1,Male,27,Software Engineer,6.1,6,42,6,Overweight,126,83,77,4200,None,0,20s,Healthy (6 to <8h),Low,Low,Medium (5-6),Elevated,Mixed profile,1,Distinct record
51,Male,32,Engineer,7.5,8,45,3,Normal,120,80,70,8000,None,0,30s,Healthy (6 to <8h),Low,Medium,Low (1-4),Elevated,Lower-risk profile,1,Distinct record
52,Male,32,Engineer,7.5,8,45,3,Normal,120,80,70,8000,None,0,30s,Healthy (6 to <8h),Low,Medium,Low (1-4),Elevated,Lower-risk profile,2,Repeated copy
85,Male,35,Software Engineer,7.5,8,60,5,Normal,120,80,70,8000,None,0,30s,Healthy (6 to <8h),Medium,Medium,Medium (5-6),Elevated,Lower-risk profile,1,Distinct record
93,Male,35,Software Engineer,7.5,8,60,5,Normal,120,80,70,8000,None,0,30s,Healthy (6 to <8h),Medium,Medium,Medium (5-6),Elevated,Lower-risk profile,2,Repeated copy
111,Female,37,Accountant,7.2,8,60,4,Normal,115,75,68,7000,None,0,30s,Healthy (6 to <8h),Medium,Medium,Low (1-4),Normal,Lower-risk profile,1,Distinct record
113,Female,37,Accountant,7.2,8,60,4,Normal,115,75,68,7000,None,0,30s,Healthy (6 to <8h),Medium,Medium,Low (1-4),Normal,Lower-risk profile,2,Repeated copy
115,Female,37,Accountant,7.2,8,60,4,Normal,115,75,68,7000,None,0,30s,Healthy (6 to <8h),Medium,Medium,Low (1-4),Normal,Lower-risk profile,3,Repeated copy
116,Female,37,Accountant,7.2,8,60,4,Normal,115,75,68,7000,None,0,30s,Healthy (6 to <8h),Medium,Medium,Low (1-4),Normal,Lower-risk profile,4,Repeated copy
117,Female,37,Accountant,7.2,8,60,4,Normal,115,75,68,7000,None,0,30s,Healthy (6 to <8h),Medium,Medium,Low (1-4),Normal,Lower-risk profile,5,Repeated copy
118,Female,37,Accountant,7.2,8,60,4,Normal,115,75,68,7000,None,0,30s,Healthy (6 to <8h),Medium,Medium,Low (1-4),Normal,Lower-risk profile,6,Repeated copy
119,Female,37,Accountant,7.2,8,60,4,Normal,115,75,68,7000,None,0,30s,Healthy (6 to <8h),Medium,Medium,Low (1-4),Normal,Lower-risk profile,7,Repeated copy
120,Female,37,Accountant,7.2,8,60,4,Normal,115,75,68,7000,None,0,30s,Healthy (6 to <8h),Medium,Medium,Low (1-4),Normal,Lower-risk profile,8,Repeated copy
121,Female,37,Accountant,7.2,8,60,4,Normal,115,75,68,7000,None,0,30s,Healthy (6 to <8h),Medium,Medium,Low (1-4),Normal,Lower-risk profile,9,Repeated copy
122,Female,37,Accountant,7.2,8,60,4,Normal,115,75,68,7000,None,0,30s,Healthy (6 to <8h),Medium,Medium,Low (1-4),Normal,Lower-risk profile,10,Repeated copy
123,Female,37,Accountant,7.2,8,60,4,Normal,115,75,68,7000,None,0,30s,Healthy (6 to <8h),Medium,Medium,Low (1-4),Normal,Lower-risk profile,11,Repeated copy
124,Female,37,Accountant,7.2,8,60,4,Normal,115,75,68,7000,None,0,30s,Healthy (6 to <8h),Medium,Medium,Low (1-4),Normal,Lower-risk profile,12,Repeated copy
125,Female,37,Accountant,7.2,8,60,4,Normal,115,75,68,7000,None,0,30s,Healthy (6 to <8h),Medium,Medium,Low (1-4),Normal,Lower-risk profile,13,Repeated copy
185,Female,42,Teacher,6.8,6,45,7,Overweight,130,85,78,5000,Sleep Apnea,1,40s,Healthy (6 to <8h),Low,Low,High (7-10),Elevated,Higher-risk profile,1,Distinct record
186,Female,42,Teacher,6.8,6,45,7,Overweight,130,85,78,5000,Sleep Apnea,1,40s,Healthy (6 to <8h),Low,Low,High (7-10),Elevated,Higher-risk profile,2,Repeated copy
14,Male,29,Doctor,6.0,6,30,8,Normal,120,80,70,8000,None,0,20s,Healthy (6 to <8h),Low,Medium,High (7-10),Elevated,Lower-risk profile,1,Distinct record
15,Male,29,Doctor,6.0,6,30,8,Normal,120,80,70,8000,None,0,20s,Healthy (6 to <8h),Low,Medium,High (7-10),Elevated,Lower-risk profile,2,Repeated copy
16,Male,29,Doctor,6.0,6,30,8,Normal,120,80,70,8000,None,0,20s,Healthy (6 to <8h),Low,Medium,High (7-10),Elevated,Lower-risk profile,3,Repeated copy
26,Male,30,Doctor,7.9,7,75,6,Normal,120,80,70,8000,None,0,30s,Healthy (6 to <8h),Medium,Medium,Medium (5-6),Elevated,Lower-risk profile,1,Distinct record
28,Male,30,Doctor,7.9,7,75,6,Normal,120,80,70,8000,None,0,30s,Healthy (6 to <8h),Medium,Medium,Medium (5-6),Elevated,Lower-risk profile,2,Repeated copy
29,Male,30,Doctor,7.9,7,75,6,Normal,120,80,70,8000,None,0,30s,Healthy (6 to <8h),Medium,Medium,Medium (5-6),Elevated,Lower-risk profile,3,Repeated copy
30,Male,30,Doctor,7.9,7,75,6,Normal,120,80,70,8000,None,0,30s,Healthy (6 to <8h),Medium,Medium,Medium (5-6),Elevated,Lower-risk profile,4,Repeated copy
57,Male,32,Doctor,7.7,7,75,6,Normal,120,80,70,8000,None,0,30s,Healthy (6 to <8h),Medium,Medium,Medium (5-6),Elevated,Lower-risk profile,1,Distinct record
60,Male,32,Doctor,7.7,7,75,6,Normal,120,80,70,8000,None,0,30s,Healthy (6 to <8h),Medium,Medium,Medium (5-6),Elevated,Lower-risk profile,2,Repeated copy
71,Male,33,Doctor,6.1,6,30,8,Normal,125,80,72,5000,None,0,30s,Healthy (6 to <8h),Low,Low,High (7-10),Elevated,Lower-risk profile,1,Distinct record
72,Male,33,Doctor,6.1,6,30,8,Normal,125,80,72,5000,None,0,30s,Healthy (6 to <8h),Low,Low,High (7-10),Elevated,Lower-risk profile,2,Repeated copy
73,Male,33,Doctor,6.1,6,30,8,Normal,125,80,72,5000,None,0,30s,Healthy (6 to <8h),Low,Low,High (7-10),Elevated,Lower-risk profile,3,Repeated copy
74,Male,33,Doctor,6.1,6,30,8,Normal,125,80,72,5000,None,0,30s,Healthy (6 to <8h),Low,Low,High (7-10),Elevated,Lower-risk profile,4,Repeated copy
127,Male,38,Lawyer,7.3,8,60,5,Normal,130,85,68,8000,None,0,30s,Healthy (6 to <8h),Medium,Medium,Medium (5-6),Elevated,Lower-risk profile,1,Distinct record
129,Male,38,Lawyer,7.3,8,60,5,Normal,130,85,68,8000,None,0,30s,Healthy (6 to <8h),Medium,Medium,Medium (5-6),Elevated,Lower-risk profile,2,Repeated copy
130,Male,38,Lawyer,7.3,8,60,5,Normal,130,85,68,8000,None,0,30s,Healthy (6 to <8h),Medium,Medium,Medium (5-6),Elevated,Lower-risk profile,3,Repeated copy
132,Male,38,Lawyer,7.3,8,60,5,Normal,130,85,68,8000,None,0,30s,Healthy (6 to <8h),Medium,Medium,Medium (5-6),Elevated,Lower-risk profile,4,Repeated copy
133,Male,38,Lawyer,7.3,8,60,5,Normal,130,85,68,8000,None,0,30s,Healthy (6 to <8h),Medium,Medium,Medium (5-6),Elevated,Lower-risk profile,5,Repeated copy
135,Male,38,Lawyer,7.3,8,60,5,Normal,130,85,68,8000,None,0,30s,Healthy (6 to <8h),Medium,Medium,Medium (5-6),Elevated,Lower-risk profile,6,Repeated copy
136,Male,38,Lawyer,7.3,8,60,5,Normal,130,85,68,8000,None,0,30s,Healthy (6 to <8h),Medium,Medium,Medium (5-6),Elevated,Lower-risk profile,7,Repeated copy
152,Male,39,Lawyer,7.2,8,60,5,Normal,130,85,68,8000,None,0,30s,Healthy (6 to <8h),Medium,Medium,Medium (5-6),Elevated,Lower-risk profile,1,Distinct record
153,Male,39,Lawyer,7.2,8,60,5,Normal,130,85,68,8000,None,0,30s,Healthy (6 to <8h),Medium,Medium,Medium (5-6),Elevated,Lower-risk profile,2,Repeated copy
154,Male,39,Lawyer,7.2,8,60,5,Normal,130,85,68,8000,None,0,30s,Healthy (6 to <8h),Medium,Medium,Medium (5-6),Elevated,Lower-risk profile,3,Repeated copy
155,Male,39,Lawyer,7.2,8,60,5,Normal,130,85,68,8000,None,0,30s,Healthy (6 to <8h),Medium,Medium,Medium (5-6),Elevated,Lower-risk profile,4,Repeated copy
156,Male,39,Lawyer,7.2,8,60,5,Normal,130,85,68,8000,None,0,30s,Healthy (6 to <8h),Medium,Medium,Medium (5-6),Elevated,Lower-risk profile,5,Repeated copy
157,Male,39,Lawyer,7.2,8,60,5,Normal,130,85,68,8000,None,0,30s,Healthy (6 to <8h),Medium,Medium,Medium (5-6),Elevated,Lower-risk profile,6,Repeated copy
158,Male,39,Lawyer,7.2,8,60,5,Normal,130,85,68,8000,None,0,30s,Healthy (6 to <8h),Medium,Medium,Medium (5-6),Elevated,Lower-risk profile,7,Repeated copy
159,Male,39,Lawyer,7.2,8,60,5,Normal,130,85,68,8000,None,0,30s,Healthy (6 to <8h),Medium,Medium,Medium (5-6),Elevated,Lower-risk profile,8,Repeated copy
160,Male,39,Lawyer,7.2,8,60,5,Normal,130,85,68,8000,None,0,30s,Healthy (6 to <8h),Medium,Medium,Medium (5-6),Elevated,Lower-risk profile,9,Repeated copy
161,Male,39,Lawyer,7.2,8,60,5,Normal,130,85,68,8000,None,0,30s,Healthy (6 to <8h),Medium,Medium,Medium (5-6),Elevated,Lower-risk profile,10,Repeated copy
210,Male,43,Engineer,7.8,8,90,5,Normal,130,85,70,8000,None,0,40s,Healthy (6 to <8h),High,Medium,Medium (5-6),Elevated,Lower-risk profile,1,Distinct record
212,Male,43,Engineer,7.8,8,90,5,Normal,130,85,70,8000,None,0,40s,Healthy (6 to <8h),High,Medium,Medium (5-6),Elevated,Lower-risk profile,2,Repeated copy
213,Male,43,Engineer,7.8,8,90,5,Normal,130,85,70,8000,None,0,40s,Healthy (6 to <8h),High,Medium,Medium (5-6),Elevated,Lower-risk profile,3,Repeated copy
214,Male,43,Engineer,7.8,8,90,5,Normal,130,85,70,8000,None,0,40s,Healthy (6 to <8h),High,Medium,Medium (5-6),Elevated,Lower-risk profile,4,Repeated copy
215,Male,43,Engineer,7.8,8,90,5,Normal,130,85,70,8000,None,0,40s,Healthy (6 to <8h),High,Medium,Medium (5-6),Elevated,Lower-risk profile,5,Repeated copy
216,Male,43,Engineer,7.8,8,90,5,Normal,130,85,70,8000,None,0,40s,Healthy (6 to <8h),High,Medium,Medium (5-6),Elevated,Lower-risk profile,6,Repeated copy
217,Male,43,Engineer,7.8,8,90,5,Normal,130,85,70,8000,None,0,40s,Healthy (6 to <8h),High,Medium,Medium (5-6),Elevated,Lower-risk profile,7,Repeated copy
218,Male,43,Engineer,7.8,8,90,5,Normal,130,85,70,8000,None,0,40s,Healthy (6 to <8h),High,Medium,Medium (5-6),Elevated,Lower-risk profile,8,Repeated copy
19,Female,29,Nurse,6.5,5,40,7,Normal,132,87,80,4000,Insomnia,1,20s,Healthy (6 to <8h),Low,Low,High (7-10),Elevated,Mixed profile,1,Distinct record
95,Female,36,Accountant,7.2,8,60,4,Normal,115,75,68,7000,Insomnia,1,30s,Healthy (6 to <8h),Medium,Medium,Low (1-4),Normal,Lower-risk profile,1,Distinct record
162,Female,40,Accountant,7.2,8,55,6,Normal,119,77,73,7300,None,0,40s,Healthy (6 to <8h),Medium,Medium,Medium (5-6),Normal,Lower-risk profile,1,Distinct record
163,Female,40,Accountant,7.2,8,55,6,Normal,119,77,73,7300,None,0,40s,Healthy (6 to <8h),Medium,Medium,Medium (5-6),Normal,Lower-risk profile,2,Repeated copy
238,Female,44,Teacher,6.5,7,45,4,Overweight,135,90,65,6000,Insomnia,1,40s,Healthy (6 to <8h),Low,Low,Low (1-4),High,Higher-risk profile,1,Distinct record
241,Female,44,Teacher,6.5,7,45,4,Overweight,135,90,65,6000,Insomnia,1,40s,Healthy (6 to <8h),Low,Low,Low (1-4),High,Higher-risk profile,2,Repeated copy
244,Female,44,Teacher,6.5,7,45,4,Overweight,135,90,65,6000,Insomnia,1,40s,Healthy (6 to <8h),Low,Low,Low (1-4),High,Higher-risk profile,3,Repeated copy
246,Female,44,Teacher,6.5,7,45,4,Overweight,135,90,65,6000,Insomnia,1,40s,Healthy (6 to <8h),Low,Low,Low (1-4),High,Higher-risk profile,4,Repeated copy
274,Female,49,Nurse,6.2,6,90,8,Overweight,140,95,75,10000,Sleep Apnea,1,40s,Healthy (6 to <8h),High,High,High (7-10),High,Higher-risk profile,1,Distinct record
275,Female,49,Nurse,6.2,6,90,8,Overweight,140,95,75,10000,Sleep Apnea,1,40s,Healthy (6 to <8h),High,High,High (7-10),High,Higher-risk profile,2,Repeated copy
276,Female,49,Nurse,6.2,6,90,8,Overweight,140,95,75,10000,Sleep Apnea,1,40s,Healthy (6 to <8h),High,High,High (7-10),High,Higher-risk profile,3,Repeated copy
299,Female,51,Engineer,8.5,9,30,3,Normal,125,80,65,5000,None,0,50+,Long (8h+),Low,Low,Low (1-4),Elevated,Lower-risk profile,1,Distinct record
300,Female,51,Engineer,8.5,9,30,3,Normal,125,80,65,5000,None,0,50+,Long (8h+),Low,Low,Low (1-4),Elevated,Lower-risk profile,2,Repeated copy
301,Female,51,Engineer,8.5,9,30,3,Normal,125,80,65,5000,None,0,50+,Long (8h+),Low,Low,Low (1-4),Elevated,Lower-risk profile,3,Repeated copy
302,Female,51,Engineer,8.5,9,30,3,Normal,125,80,65,5000,None,0,50+,Long (8h+),Low,Low,Low (1-4),Elevated,Lower-risk profile,4,Repeated copy
307,Female,52,Accountant,6.5,7,45,7,Overweight,130,85,72,6000,Insomnia,1,50+,Healthy (6 to <8h),Low,Low,High (7-10),Elevated,Higher-risk profile,1,Distinct record
308,Female,52,Accountant,6.5,7,45,7,Overweight,130,85,72,6000,Insomnia,1,50+,Healthy (6 to <8h),Low,Low,High (7-10),Elevated,Higher-risk profile,2,Repeated copy
317,Female,53,Engineer,8.5,9,30,3,Normal,125,80,65,5000,None,0,50+,Long (8h+),Low,Low,Low (1-4),Elevated,Lower-risk profile,1,Distinct record
318,Female,53,Engineer,8.5,9,30,3,Normal,125,80,65,5000,None,0,50+,Long (8h+),Low,Low,Low (1-4),Elevated,Lower-risk profile,2,Repeated copy
321,Female,53,Engineer,8.5,9,30,3,Normal,125,80,65,5000,None,0,50+,Long (8h+),Low,Low,Low (1-4),Elevated,Lower-risk profile,3,Repeated copy
324,Female,53,Engineer,8.5,9,30,3,Normal,125,80,65,5000,None,0,50+,Long (8h+),Low,Low,Low (1-4),Elevated,Lower-risk profile,4,Repeated copy
326,Female,53,Engineer,8.5,9,30,3,Normal,125,80,65,5000,None,0,50+,Long (8h+),Low,Low,Low (1-4),Elevated,Lower-risk profile,5,Repeated copy
328,Female,53,Engineer,8.5,9,30,3,Normal,125,80,65,5000,None,0,50+,Long (8h+),Low,Low,Low (1-4),Elevated,Lower-risk profile,6,Repeated copy
330,Female,53,Engineer,8.5,9,30,3,Normal,125,80,65,5000,None,0,50+,Long (8h+),Low,Low,Low (1-4),Elevated,Lower-risk profile,7,Repeated copy
331,Female,53,Engineer,8.5,9,30,3,Normal,125,80,65,5000,None,0,50+,Long (8h+),Low,Low,Low (1-4),Elevated,Lower-risk profile,8,Repeated copy
333,Female,54,Engineer,8.4,9,30,3,Normal,125,80,65,5000,None,0,50+,Long (8h+),Low,Low,Low (1-4),Elevated,Lower-risk profile,1,Distinct record
334,Female,54,Engineer,8.4,9,30,3,Normal,125,80,65,5000,None,0,50+,Long (8h+),Low,Low,Low (1-4),Elevated,Lower-risk profile,2,Repeated copy
335,Female,54,Engineer,8.4,9,30,3,Normal,125,80,65,5000,None,0,50+,Long (8h+),Low,Low,Low (1-4),Elevated,Lower-risk profile,3,Repeated copy
336,Female,54,Engineer,8.4,9,30,3,Normal,125,80,65,5000,None,0,50+,Long (8h+),Low,Low,Low (1-4),Elevated,Lower-risk profile,4,Repeated copy
337,Female,54,Engineer,8.4,9,30,3,Normal,125,80,65,5000,None,0,50+,Long (8h+),Low,Low,Low (1-4),Elevated,Lower-risk profile,5,Repeated copy
338,Female,54,Engineer,8.4,9,30,3,Normal,125,80,65,5000,None,0,50+,Long (8h+),Low,Low,Low (1-4),Elevated,Lower-risk profile,6,Repeated copy
7,Male,29,Teacher,6.3,6,40,7,Obese,140,90,82,3500,Insomnia,1,20s,Healthy (6 to <8h),Low,Low,High (7-10),High,Higher-risk profile,1,Distinct record
110,Male,37,Lawyer,7.4,8,60,5,Normal,130,85,68,8000,None,0,30s,Healthy (6 to <8h),Medium,Medium,Medium (5-6),Elevated,Lower-risk profile,1,Distinct record
112,Male,37,Lawyer,7.4,8,60,5,Normal,130,85,68,8000,None,0,30s,Healthy (6 to <8h),Medium,Medium,Medium (5-6),Elevated,Lower-risk profile,2,Repeated copy
114,Male,37,Lawyer,7.4,8,60,5,Normal,130,85,68,8000,None,0,30s,Healthy (6 to <8h),Medium,Medium,Medium (5-6),Elevated,Lower-risk profile,3,Repeated copy
250,Male,44,Salesperson,6.5,6,45,7,Overweight,130,85,72,6000,None,0,40s,Healthy (6 to <8h),Low,Low,High (7-10),Elevated,Higher-risk profile,1,Distinct record
81,Female,34,Scientist,5.8,4,32,8,Overweight,131,86,81,5200,Sleep Apnea,1,30s,Short (<6h),Low,Low,High (7-10),Elevated,Higher-risk profile,1,Distinct record
82,Female,34,Scientist,5.8,4,32,8,Overweight,131,86,81,5200,Sleep Apnea,1,30s,Short (<6h),Low,Low,High (7-10),Elevated,Higher-risk profile,2,Repeated copy
96,Female,36,Accountant,7.1,8,60,4,Normal,115,75,68,7000,None,0,30s,Healthy (6 to <8h),Medium,Medium,Low (1-4),Normal,Lower-risk profile,1,Distinct record
98,Female,36,Accountant,7.1,8,60,4,Normal,115,75,68,7000,None,0,30s,Healthy (6 to <8h),Medium,Medium,Low (1-4),Normal,Lower-risk profile,2,Repeated copy
269,Female,49,Nurse,6.0,6,90,8,Overweight,140,95,75,10000,Sleep Apnea,1,40s,Healthy (6 to <8h),High,High,High (7-10),High,Higher-risk profile,1,Distinct record
268,Female,49,Nurse,6.2,6,90,8,Overweight,140,95,75,10000,None,0,40s,Healthy (6 to <8h),High,High,High (7-10),High,Higher-risk profile,1,Distinct record
305,Female,51,Nurse,6.1,6,90,8,Overweight,140,95,75,10000,Sleep Apnea,1,50+,Healthy (6 to <8h),High,High,High (7-10),High,Higher-risk profile,1,Distinct record
306,Female,51,Nurse,6.1,6,90,8,Overweight,140,95,75,10000,Sleep Apnea,1,50+,Healthy (6 to <8h),High,High,High (7-10),High,Higher-risk profile,2,Repeated copy
38,Male,31,Doctor,7.6,7,75,6,Normal,120,80,70,8000,None,0,30s,Healthy (6 to <8h),Medium,Medium,Medium (5-6),Elevated,Lower-risk profile,1,Distinct record
39,Male,31,Doctor,7.6,7,75,6,Normal,120,80,70,8000,None,0,30s,Healthy (6 to <8h),Medium,Medium,Medium (5-6),Elevated,Lower-risk profile,2,Repeated copy
40,Male,31,Doctor,7.6,7,75,6,Normal,120,80,70,8000,None,0,30s,Healthy (6 to <8h),Medium,Medium,Medium (5-6),Elevated,Lower-risk profile,3,Repeated copy
192,Male,43,Salesperson,6.4,6,45,7,Overweight,130,85,72,6000,Insomnia,1,40s,Healthy (6 to <8h),Low,Low,High (7-10),Elevated,Higher-risk profile,1,Distinct record
257,Female,45,Teacher,6.6,7,45,4,Overweight,135,90,65,6000,Insomnia,1,40s,Healthy (6 to <8h),Low,Low,Low (1-4),High,Higher-risk profile,1,Distinct record
258,Female,45,Teacher,6.6,7,45,4,Overweight,135,90,65,6000,Insomnia,1,40s,Healthy (6 to <8h),Low,Low,Low (1-4),High,Higher-risk profile,2,Repeated copy
259,Female,45,Teacher,6.6,7,45,4,Overweight,135,90,65,6000,Insomnia,1,40s,Healthy (6 to <8h),Low,Low,Low (1-4),High,Higher-risk profile,3,Repeated copy
260,Female,45,Teacher,6.6,7,45,4,Overweight,135,90,65,6000,Insomnia,1,40s,Healthy (6 to <8h),Low,Low,Low (1-4),High,Higher-risk profile,4,Repeated copy
261,Female,45,Teacher,6.6,7,45,4,Overweight,135,90,65,6000,Insomnia,1,40s,Healthy (6 to <8h),Low,Low,Low (1-4),High,Higher-risk profile,5,Repeated copy
309,Female,52,Accountant,6.6,7,45,7,Overweight,130,85,72,6000,Insomnia,1,50+,Healthy (6 to <8h),Low,Low,High (7-10),Elevated,Higher-risk profile,1,Distinct record
310,Female,52,Accountant,6.6,7,45,7,Overweight,130,85,72,6000,Insomnia,1,50+,Healthy (6 to <8h),Low,Low,High (7-10),Elevated,Higher-risk profile,2,Repeated copy
311,Female,52,Accountant,6.6,7,45,7,Overweight,130,85,72,6000,Insomnia,1,50+,Healthy (6 to <8h),Low,Low,High (7-10),Elevated,Higher-risk profile,3,Repeated copy
312,Female,52,Accountant,6.6,7,45,7,Overweight,130,85,72,6000,Insomnia,1,50+,Healthy (6 to <8h),Low,Low,High (7-10),Elevated,Higher-risk profile,4,Repeated copy
340,Female,55,Nurse,8.1,9,75,4,Overweight,140,95,72,5000,Sleep Apnea,1,50+,Long (8h+),Medium,Low,Low (1-4),High,Higher-risk profile,1,Distinct record
341,Female,55,Nurse,8.1,9,75,4,Overweight,140,95,72,5000,Sleep Apnea,1,50+,Long (8h+),Medium,Low,Low (1-4),High,Higher-risk profile,2,Repeated copy
18,Male,29,Doctor,6.0,6,30,8,Normal,120,80,70,8000,Sleep Apnea,1,20s,Healthy (6 to <8h),Low,Medium,High (7-10),Elevated,Lower-risk profile,1,Distinct record
25,Male,30,Doctor,7.8,7,75,6,Normal,120,80,70,8000,None,0,30s,Healthy (6 to <8h),Medium,Medium,Medium (5-6),Elevated,Lower-risk profile,1,Distinct record
27,Male,30,Doctor,7.8,7,75,6,Normal,120,80,70,8000,None,0,30s,Healthy (6 to <8h),Medium,Medium,Medium (5-6),Elevated,Lower-risk profile,2,Repeated copy
166,Male,41,Lawyer,7.6,8,90,5,Normal,130,85,70,8000,Insomnia,1,40s,Healthy (6 to <8h),High,Medium,Medium (5-6),Elevated,Lower-risk profile,1,Distinct record
219,Male,43,Engineer,7.8,8,90,5,Normal,130,85,70,8000,Sleep Apnea,1,40s,Healthy (6 to <8h),High,Medium,Medium (5-6),Elevated,Lower-risk profile,1,Distinct record
220,Male,43,Salesperson,6.5,6,45,7,Overweight,130,85,72,6000,Sleep Apnea,1,40s,Healthy (6 to <8h),Low,Low,High (7-10),Elevated,Higher-risk profile,1,Distinct record
33,Female,31,Nurse,7.9,8,75,4,Normal,117,76,69,6800,None,0,30s,Healthy (6 to <8h),Medium,Medium,Low (1-4),Normal,Lower-risk profile,1,Distinct record
126,Female,37,Nurse,7.5,8,60,4,Normal,120,80,70,8000,None,0,30s,Healthy (6 to <8h),Medium,Medium,Low (1-4),Elevated,Lower-risk profile,1,Distinct record
262,Female,45,Teacher,6.6,7,45,4,Overweight,135,90,65,6000,None,0,40s,Healthy (6 to <8h),Low,Low,Low (1-4),High,Higher-risk profile,1,Distinct record
263,Female,45,Teacher,6.6,7,45,4,Overweight,135,90,65,6000,None,0,40s,Healthy (6 to <8h),Low,Low,Low (1-4),High,Higher-risk profile,2,Repeated copy
283,Female,50,Nurse,6.0,6,90,8,Overweight,140,95,75,10000,Sleep Apnea,1,50+,Healthy (6 to <8h),High,High,High (7-10),High,Higher-risk profile,1,Distinct record
284,Female,50,Nurse,6.0,6,90,8,Overweight,140,95,75,10000,Sleep Apnea,1,50+,Healthy (6 to <8h),High,High,High (7-10),High,Higher-risk profile,2,Repeated copy
285,Female,50,Nurse,6.0,6,90,8,Overweight,140,95,75,10000,Sleep Apnea,1,50+,Healthy (6 to <8h),High,High,High (7-10),High,Higher-risk profile,3,Repeated copy
286,Female,50,Nurse,6.0,6,90,8,Overweight,140,95,75,10000,Sleep Apnea,1,50+,Healthy (6 to <8h),High,High,High (7-10),High,Higher-risk profile,4,Repeated copy
287,Female,50,Nurse,6.0,6,90,8,Overweight,140,95,75,10000,Sleep Apnea,1,50+,Healthy (6 to <8h),High,High,High (7-10),High,Higher-risk profile,5,Repeated copy
288,Female,50,Nurse,6.0,6,90,8,Overweight,140,95,75,10000,Sleep Apnea,1,50+,Healthy (6 to <8h),High,High,High (7-10),High,Higher-risk profile,6,Repeated copy
289,Female,50,Nurse,6.0,6,90,8,Overweight,140,95,75,10000,Sleep Apnea,1,50+,Healthy (6 to <8h),High,High,High (7-10),High,Higher-risk profile,7,Repeated copy
291,Female,50,Nurse,6.0,6,90,8,Overweight,140,95,75,10000,Sleep Apnea,1,50+,Healthy (6 to <8h),High,High,High (7-10),High,Higher-risk profile,8,Repeated copy
294,Female,50,Nurse,6.0,6,90,8,Overweight,140,95,75,10000,Sleep Apnea,1,50+,Healthy (6 to <8h),High,High,High (7-10),High,Higher-risk profile,9,Repeated copy
296,Female,50,Nurse,6.0,6,90,8,Overweight,140,95,75,10000,Sleep Apnea,1,50+,Healthy (6 to <8h),High,High,High (7-10),High,Higher-risk profile,10,Repeated copy
339,Female,54,Engineer,8.5,9,30,3,Normal,125,80,65,5000,None,0,50+,Long (8h+),Low,Low,Low (1-4),Elevated,Lower-risk profile,1,Distinct record
87,Male,35,Engineer,7.2,8,60,4,Normal,125,80,65,5000,None,0,30s,Healthy (6 to <8h),Medium,Low,Low (1-4),Elevated,Lower-risk profile,1,Distinct record
88,Male,35,Engineer,7.2,8,60,4,Normal,125,80,65,5000,None,0,30s,Healthy (6 to <8h),Medium,Low,Low (1-4),Elevated,Lower-risk profile,2,Repeated copy
83,Male,35,Teacher,6.7,7,40,5,Overweight,128,84,70,5600,None,0,30s,Healthy (6 to <8h),Low,Low,Medium (5-6),Elevated,Mixed profile,1,Distinct record
84,Male,35,Teacher,6.7,7,40,5,Overweight,128,84,70,5600,None,0,30s,Healthy (6 to <8h),Low,Low,Medium (5-6),Elevated,Mixed profile,2,Repeated copy
175,Male,41,Lawyer,7.6,8,90,5,Normal,130,85,70,8000,None,0,40s,Healthy (6 to <8h),High,Medium,Medium (5-6),Elevated,Lower-risk profile,1,Distinct record
176,Male,41,Lawyer,7.6,8,90,5,Normal,130,85,70,8000,None,0,40s,Healthy (6 to <8h),High,Medium,Medium (5-6),Elevated,Lower-risk profile,2,Repeated copy
177,Male,41,Lawyer,7.6,8,90,5,Normal,130,85,70,8000,None,0,40s,Healthy (6 to <8h),High,Medium,Medium (5-6),Elevated,Lower-risk profile,3,Repeated copy
179,Male,42,Lawyer,7.8,8,90,5,Normal,130,85,70,8000,None,0,40s,Healthy (6 to <8h),High,Medium,Medium (5-6),Elevated,Lower-risk profile,1,Distinct record
180,Male,42,Lawyer,7.8,8,90,5,Normal,130,85,70,8000,None,0,40s,Healthy (6 to <8h),High,Medium,Medium (5-6),Elevated,Lower-risk profile,2,Repeated copy
181,Male,42,Lawyer,7.8,8,90,5,Normal,130,85,70,8000,None,0,40s,Healthy (6 to <8h),High,Medium,Medium (5-6),Elevated,Lower-risk profile,3,Repeated copy
182,Male,42,Lawyer,7.8,8,90,5,Normal,130,85,70,8000,None,0,40s,Healthy (6 to <8h),High,Medium,Medium (5-6),Elevated,Lower-risk profile,4,Repeated copy
183,Male,42,Lawyer,7.8,8,90,5,Normal,130,85,70,8000,None,0,40s,Healthy (6 to <8h),High,Medium,Medium (5-6),Elevated,Lower-risk profile,5,Repeated copy
184,Male,42,Lawyer,7.8,8,90,5,Normal,130,85,70,8000,None,0,40s,Healthy (6 to <8h),High,Medium,Medium (5-6),Elevated,Lower-risk profile,6,Repeated copy
17,Female,29,Nurse,6.5,5,40,7,Normal,132,87,80,4000,Sleep Apnea,1,20s,Healthy (6 to <8h),Low,Low,High (7-10),Elevated,Mixed profile,1,Distinct record
69,Female,33,Scientist,6.2,6,50,6,Overweight,128,85,76,5500,None,0,30s,Healthy (6 to <8h),Medium,Low,Medium (5-6),Elevated,Mixed profile,1,Distinct record
70,Female,33,Scientist,6.2,6,50,6,Overweight,128,85,76,5500,None,0,30s,Healthy (6 to <8h),Medium,Low,Medium (5-6),Elevated,Mixed profile,2,Repeated copy
107,Female,37,Nurse,6.1,6,42,6,Overweight,126,83,77,4200,None,0,30s,Healthy (6 to <8h),Low,Low,Medium (5-6),Elevated,Mixed profile,1,Distinct record
280,Female,50,Engineer,8.3,9,30,3,Normal,125,80,65,5000,None,0,50+,Long (8h+),Low,Low,Low (1-4),Elevated,Lower-risk profile,1,Distinct record
353,Female,58,Nurse,8.0,9,75,3,Overweight,140,95,68,7000,Sleep Apnea,1,50+,Long (8h+),Medium,Medium,Low (1-4),High,Higher-risk profile,1,Distinct record
354,Female,58,Nurse,8.0,9,75,3,Overweight,140,95,68,7000,Sleep Apnea,1,50+,Long (8h+),Medium,Medium,Low (1-4),High,Higher-risk profile,2,Repeated copy
355,Female,58,Nurse,8.0,9,75,3,Overweight,140,95,68,7000,Sleep Apnea,1,50+,Long (8h+),Medium,Medium,Low (1-4),High,Higher-risk profile,3,Repeated copy
356,Female,58,Nurse,8.0,9,75,3,Overweight,140,95,68,7000,Sleep Apnea,1,50+,Long (8h+),Medium,Medium,Low (1-4),High,Higher-risk profile,4,Repeated copy
357,Female,58,Nurse,8.0,9,75,3,Overweight,140,95,68,7000,Sleep Apnea,1,50+,Long (8h+),Medium,Medium,Low (1-4),High,Higher-risk profile,5,Repeated copy
358,Female,58,Nurse,8.0,9,75,3,Overweight,140,95,68,7000,Sleep Apnea,1,50+,Long (8h+),Medium,Medium,Low (1-4),High,Higher-risk profile,6,Repeated copy
361,Female,59,Nurse,8.2,9,75,3,Overweight,140,95,68,7000,Sleep Apnea,1,50+,Long (8h+),Medium,Medium,Low (1-4),High,Higher-risk profile,1,Distinct record
362,Female,59,Nurse,8.2,9,75,3,Overweight,140,95,68,7000,Sleep Apnea,1,50+,Long (8h+),Medium,Medium,Low (1-4),High,Higher-risk profile,2,Repeated copy
363,Female,59,Nurse,8.2,9,75,3,Overweight,140,95,68,7000,Sleep Apnea,1,50+,Long (8h+),Medium,Medium,Low (1-4),High,Higher-risk profile,3,Repeated copy
364,Female,59,Nurse,8.2,9,75,3,Overweight,140,95,68,7000,Sleep Apnea,1,50+,Long (8h+),Medium,Medium,Low (1-4),High,Higher-risk profile,4,Repeated copy
4,Male,28,Salesperson,5.9,4,30,8,Obese,140,90,85,3000,Sleep Apnea,1,20s,Short (<6h),Low,Low,High (7-10),High,Higher-risk profile,1,Distinct record
5,Male,28,Salesperson,5.9,4,30,8,Obese,140,90,85,3000,Sleep Apnea,1,20s,Short (<6h),Low,Low,High (7-10),High,Higher-risk profile,2,Repeated copy
21,Male,30,Doctor,7.7,7,75,6,Normal,120,80,70,8000,None,0,30s,Healthy (6 to <8h),Medium,Medium,Medium (5-6),Elevated,Lower-risk profile,1,Distinct record
22,Male,30,Doctor,7.7,7,75,6,Normal,120,80,70,8000,None,0,30s,Healthy (6 to <8h),Medium,Medium,Medium (5-6),Elevated,Lower-risk profile,2,Repeated copy
23,Male,30,Doctor,7.7,7,75,6,Normal,120,80,70,8000,None,0,30s,Healthy (6 to <8h),Medium,Medium,Medium (5-6),Elevated,Lower-risk profile,3,Repeated copy
24,Male,30,Doctor,7.7,7,75,6,Normal,120,80,70,8000,None,0,30s,Healthy (6 to <8h),Medium,Medium,Medium (5-6),Elevated,Lower-risk profile,4,Repeated copy
97,Female,36,Accountant,7.2,8,60,4,Normal,115,75,68,7000,None,0,30s,Healthy (6 to <8h),Medium,Medium,Low (1-4),Normal,Lower-risk profile,1,Distinct record
2,Male,28,Doctor,6.2,6,60,8,Normal,125,80,75,10000,None,0,20s,Healthy (6 to <8h),Medium,High,High (7-10),Elevated,Lower-risk profile,1,Distinct record
3,Male,28,Doctor,6.2,6,60,8,Normal,125,80,75,10000,None,0,20s,Healthy (6 to <8h),Medium,High,High (7-10),Elevated,Lower-risk profile,2,Repeated copy
277,Male,49,Doctor,8.1,9,85,3,Obese,139,91,86,3700,Sleep Apnea,1,40s,Long (8h+),High,Low,Low (1-4),High,Higher-risk profile,1,Distinct record
278,Male,49,Doctor,8.1,9,85,3,Obese,139,91,86,3700,Sleep Apnea,1,40s,Long (8h+),High,Low,Low (1-4),High,Higher-risk profile,2,Repeated copy
281,Female,50,Nurse,6.0,6,90,8,Overweight,140,95,75,10000,None,0,50+,Healthy (6 to <8h),High,High,High (7-10),High,Higher-risk profile,1,Distinct record
94,Male,35,Lawyer,7.4,7,60,5,Obese,135,88,84,3300,Sleep Apnea,1,30s,Healthy (6 to <8h),Medium,Low,Medium (5-6),Elevated,Higher-risk profile,1,Distinct record
147,Male,39,Lawyer,7.2,8,60,5,Normal,130,85,68,8000,Insomnia,1,30s,Healthy (6 to <8h),Medium,Medium,Medium (5-6),Elevated,Lower-risk profile,1,Distinct record
202,Male,43,Engineer,7.8,8,90,5,Normal,130,85,70,8000,Insomnia,1,40s,Healthy (6 to <8h),High,Medium,Medium (5-6),Elevated,Lower-risk profile,1,Distinct record
203,Male,43,Engineer,7.8,8,90,5,Normal,130,85,70,8000,Insomnia,1,40s,Healthy (6 to <8h),High,Medium,Medium (5-6),Elevated,Lower-risk profile,2,Repeated copy
190,Male,43,Salesperson,6.5,6,45,7,Overweight,130,85,72,6000,Insomnia,1,40s,Healthy (6 to <8h),Low,Low,High (7-10),Elevated,Higher-risk profile,1,Distinct record
193,Male,43,Salesperson,6.5,6,45,7,Overweight,130,85,72,6000,Insomnia,1,40s,Healthy (6 to <8h),Low,Low,High (7-10),Elevated,Higher-risk profile,2,Repeated copy
194,Male,43,Salesperson,6.5,6,45,7,Overweight,130,85,72,6000,Insomnia,1,40s,Healthy (6 to <8h),Low,Low,High (7-10),Elevated,Higher-risk profile,3,Repeated copy
195,Male,43,Salesperson,6.5,6,45,7,Overweight,130,85,72,6000,Insomnia,1,40s,Healthy (6 to <8h),Low,Low,High (7-10),Elevated,Higher-risk profile,4,Repeated copy
196,Male,43,Salesperson,6.5,6,45,7,Overweight,130,85,72,6000,Insomnia,1,40s,Healthy (6 to <8h),Low,Low,High (7-10),Elevated,Higher-risk profile,5,Repeated copy
197,Male,43,Salesperson,6.5,6,45,7,Overweight,130,85,72,6000,Insomnia,1,40s,Healthy (6 to <8h),Low,Low,High (7-10),Elevated,Higher-risk profile,6,Repeated copy
198,Male,43,Salesperson,6.5,6,45,7,Overweight,130,85,72,6000,Insomnia,1,40s,Healthy (6 to <8h),Low,Low,High (7-10),Elevated,Higher-risk profile,7,Repeated copy
199,Male,43,Salesperson,6.5,6,45,7,Overweight,130,85,72,6000,Insomnia,1,40s,Healthy (6 to <8h),Low,Low,High (7-10),Elevated,Higher-risk profile,8,Repeated copy
200,Male,43,Salesperson,6.5,6,45,7,Overweight,130,85,72,6000,Insomnia,1,40s,Healthy (6 to <8h),Low,Low,High (7-10),Elevated,Higher-risk profile,9,Repeated copy
201,Male,43,Salesperson,6.5,6,45,7,Overweight,130,85,72,6000,Insomnia,1,40s,Healthy (6 to <8h),Low,Low,High (7-10),Elevated,Higher-risk profile,10,Repeated copy
265,Male,48,Doctor,7.3,7,65,5,Obese,142,92,83,3500,Insomnia,1,40s,Healthy (6 to <8h),Medium,Low,Medium (5-6),High,Higher-risk profile,1,Distinct record
267,Male,48,Doctor,7.3,7,65,5,Obese,142,92,83,3500,Insomnia,1,40s,Healthy (6 to <8h),Medium,Low,Medium (5-6),High,Higher-risk profile,2,Repeated copy
